pair_key,framework_pair,expert_label,expert_tier,llm_final_score,llm_final_tier,llm_confidence,llm_is_unanimous,llm_sonnet_1,llm_sonnet_2,llm_sonnet_3,depth_diff,depth_src,depth_tgt,len_src,len_tgt,len_diff,len_ratio,n2v_cosine,gat_cosine,has_technique,has_mitigation,is_activity_subcategory,is_activity_risk,opus_score,opus_confidence
aiuc_1__csa_aicm::aiuc_1:A004.3__csa_aicm:TVM-03,aiuc_1__csa_aicm,2,Related,2.0,0.0,1.0,1.0,2.0,2.0,2.0,1.0,2.0,1.0,77.0,188.0,111.0,0.40957448,-0.16763987,0.6194022,0.0,0.0,0.0,0.0,5.0,0.5
aiuc_1__csa_aicm::aiuc_1:B001.1__csa_aicm:MDS-05,aiuc_1__csa_aicm,2,Related,6.3333335,2.0,0.88452995,1.0,6.0,6.0,7.0,1.0,2.0,1.0,149.0,155.0,6.0,0.9612903,0.0633709,0.19898978,0.0,0.0,0.0,0.0,5.0,0.5
aiuc_1__csa_aicm::aiuc_1:B005.5__csa_aicm:CEK-09,aiuc_1__csa_aicm,0,Unrelated,1.0,0.0,1.0,1.0,1.0,1.0,1.0,1.0,2.0,1.0,77.0,243.0,166.0,0.31687242,-0.028990379,0.42139113,0.0,0.0,0.0,0.0,1.0,0.9
aiuc_1__csa_aicm::aiuc_1:B008.1__csa_aicm:LOG-04,aiuc_1__csa_aicm,2,Related,6.3333335,2.0,0.88452995,1.0,6.0,6.0,7.0,1.0,2.0,1.0,65.0,69.0,4.0,0.942029,-0.01314491,0.79520726,0.0,0.0,0.0,0.0,5.0,0.5
aiuc_1__csa_aicm::aiuc_1:C005.3__csa_aicm:DSP-05,aiuc_1__csa_aicm,1,Partial,1.0,0.0,1.0,1.0,1.0,1.0,1.0,1.0,2.0,1.0,47.0,189.0,142.0,0.24867725,-0.12381228,0.316357,0.0,0.0,0.0,0.0,5.0,0.5
aiuc_1__csa_aicm::aiuc_1:C006.3__csa_aicm:LOG-01,aiuc_1__csa_aicm,3,Equivalent,4.0,1.0,1.0,1.0,4.0,4.0,4.0,1.0,2.0,1.0,48.0,219.0,171.0,0.21917808,-0.12071573,0.4146069,0.0,0.0,0.0,0.0,5.0,0.8
aiuc_1__csa_aicm::aiuc_1:C007.1__csa_aicm:STA-16,aiuc_1__csa_aicm,1,Partial,2.0,0.0,1.0,1.0,2.0,2.0,2.0,1.0,2.0,1.0,69.0,192.0,123.0,0.359375,0.12869072,0.38831988,0.0,0.0,0.0,0.0,2.0,0.9
aiuc_1__csa_aicm::aiuc_1:C011__csa_aicm:GRC-01,aiuc_1__csa_aicm,1,Partial,4.0,1.0,1.0,1.0,4.0,4.0,4.0,0.0,1.0,1.0,107.0,291.0,184.0,0.3676976,0.052611962,0.8782764,0.0,0.0,0.0,0.0,5.0,0.5
aiuc_1__csa_aicm::aiuc_1:E006__csa_aicm:DSP-13,aiuc_1__csa_aicm,0,Unrelated,2.0,0.0,1.0,1.0,2.0,2.0,2.0,0.0,1.0,1.0,88.0,211.0,123.0,0.4170616,0.20074941,0.32183942,0.0,0.0,0.0,0.0,5.0,0.8
aiuc_1__csa_aicm::aiuc_1:E010.3__csa_aicm:SEF-02,aiuc_1__csa_aicm,1,Partial,4.0,1.0,1.0,1.0,4.0,4.0,4.0,1.0,2.0,1.0,58.0,242.0,184.0,0.23966943,0.027982611,0.1246273,0.0,0.0,0.0,0.0,5.0,0.5
aiuc_1__csa_aicm::aiuc_1:E014__csa_aicm:CCC-02,aiuc_1__csa_aicm,1,Partial,0.0,0.0,1.0,1.0,0.0,0.0,0.0,0.0,1.0,1.0,45.0,155.0,110.0,0.29032257,0.38549903,0.8832772,0.0,0.0,0.0,0.0,1.0,0.9
aiuc_1__csa_aicm::aiuc_1:E015.3__csa_aicm:TVM-10,aiuc_1__csa_aicm,1,Partial,2.0,0.0,1.0,1.0,2.0,2.0,2.0,1.0,2.0,1.0,60.0,108.0,48.0,0.5555556,0.08155568,0.8526872,0.0,0.0,0.0,0.0,2.0,0.9
aiuc_1__csa_aicm::aiuc_1:E017.3__csa_aicm:GRC-07,aiuc_1__csa_aicm,1,Partial,5.0,2.0,1.0,1.0,5.0,5.0,5.0,1.0,2.0,1.0,75.0,238.0,163.0,0.31512606,0.010373767,0.5163745,0.0,0.0,0.0,0.0,3.0,0.85
aiuc_1__csa_aicm::aiuc_1:F002__csa_aicm:DSP-13,aiuc_1__csa_aicm,0,Unrelated,1.0,0.0,1.0,1.0,1.0,1.0,1.0,0.0,1.0,1.0,117.0,211.0,94.0,0.55450237,0.23782146,-0.006974104,0.0,0.0,0.0,0.0,5.0,0.5
aiuc_1__eu_gpai_cop::aiuc_1:A003__eu_gpai_cop:Article-13,aiuc_1__eu_gpai_cop,2,Related,3.0,1.0,1.0,1.0,3.0,3.0,3.0,1.0,1.0,0.0,112.0,578.0,466.0,0.19377163,0.33828706,0.17082459,0.0,0.0,0.0,0.0,3.0,0.85
aiuc_1__eu_gpai_cop::aiuc_1:A004__eu_gpai_cop:Measure_4.2,aiuc_1__eu_gpai_cop,1,Partial,4.0,1.0,1.0,1.0,4.0,4.0,4.0,0.0,1.0,1.0,136.0,1087.0,951.0,0.12511499,0.10975946,-0.21170448,0.0,0.0,0.0,0.0,2.0,0.9
aiuc_1__eu_gpai_cop::aiuc_1:B001__eu_gpai_cop:Article-11,aiuc_1__eu_gpai_cop,2,Related,3.0,1.0,1.0,1.0,3.0,3.0,3.0,1.0,1.0,0.0,125.0,689.0,564.0,0.18142235,0.27181187,0.10594602,0.0,0.0,0.0,0.0,6.0,0.85
aiuc_1__eu_gpai_cop::aiuc_1:B003.2__eu_gpai_cop:Measure_10.2,aiuc_1__eu_gpai_cop,3,Equivalent,6.0,2.0,1.0,1.0,6.0,6.0,6.0,1.0,2.0,1.0,46.0,4000.0,3954.0,0.0115,-0.025862303,-0.22188176,0.0,0.0,0.0,0.0,5.0,0.5
aiuc_1__eu_gpai_cop::aiuc_1:B004.3__eu_gpai_cop:Commitment_3,aiuc_1__eu_gpai_cop,2,Related,6.0,2.0,1.0,1.0,6.0,6.0,6.0,2.0,2.0,0.0,61.0,753.0,692.0,0.0810093,-0.3075594,-0.14572607,0.0,0.0,0.0,0.0,6.0,0.85
aiuc_1__eu_gpai_cop::aiuc_1:B006.2__eu_gpai_cop:Article-21,aiuc_1__eu_gpai_cop,2,Related,3.0,1.0,1.0,1.0,3.0,3.0,3.0,2.0,2.0,0.0,84.0,545.0,461.0,0.15412845,-0.13767868,0.26489723,0.0,0.0,0.0,0.0,3.0,0.85
aiuc_1__eu_gpai_cop::aiuc_1:C002.2__eu_gpai_cop:Article-11,aiuc_1__eu_gpai_cop,2,Related,6.0,2.0,1.0,1.0,6.0,6.0,6.0,2.0,2.0,0.0,58.0,689.0,631.0,0.08417997,-0.0037683952,0.7477109,0.0,0.0,0.0,0.0,5.0,0.8
aiuc_1__eu_gpai_cop::aiuc_1:C003.3__eu_gpai_cop:Measure_5.1,aiuc_1__eu_gpai_cop,2,Related,7.0,2.0,1.0,1.0,7.0,7.0,7.0,1.0,2.0,1.0,72.0,1410.0,1338.0,0.05106383,-0.17235613,0.0009897125,0.0,0.0,0.0,0.0,7.0,0.85
aiuc_1__eu_gpai_cop::aiuc_1:C003.3__eu_gpai_cop:Measure_7.6,aiuc_1__eu_gpai_cop,2,Related,4.6666665,1.0,0.88452995,0.0,5.0,5.0,4.0,1.0,2.0,1.0,72.0,2644.0,2572.0,0.027231468,0.103297986,0.3825161,0.0,0.0,0.0,0.0,4.0,0.85
aiuc_1__eu_gpai_cop::aiuc_1:C008__eu_gpai_cop:Article-11,aiuc_1__eu_gpai_cop,3,Equivalent,6.0,2.0,1.0,1.0,6.0,6.0,6.0,1.0,1.0,0.0,58.0,689.0,631.0,0.08417997,0.348785,0.7209346,0.0,0.0,0.0,0.0,5.0,0.5
aiuc_1__eu_gpai_cop::aiuc_1:C008__eu_gpai_cop:Article-21,aiuc_1__eu_gpai_cop,2,Related,4.0,1.0,1.0,1.0,4.0,4.0,4.0,1.0,1.0,0.0,58.0,545.0,487.0,0.10642202,0.31841436,0.59213126,0.0,0.0,0.0,0.0,4.0,0.8
aiuc_1__eu_gpai_cop::aiuc_1:C009.1__eu_gpai_cop:Measure_6.2,aiuc_1__eu_gpai_cop,3,Equivalent,4.0,1.0,1.0,1.0,4.0,4.0,4.0,1.0,2.0,1.0,87.0,599.0,512.0,0.14524207,-0.040479638,0.3638523,0.0,0.0,0.0,0.0,5.0,0.5
aiuc_1__eu_gpai_cop::aiuc_1:C011__eu_gpai_cop:Article-72,aiuc_1__eu_gpai_cop,2,Related,7.3333335,2.0,0.88452995,0.0,8.0,7.0,7.0,1.0,1.0,0.0,107.0,702.0,595.0,0.15242165,0.3729182,0.63301057,0.0,0.0,0.0,0.0,7.0,0.85
aiuc_1__eu_gpai_cop::aiuc_1:E015.3__eu_gpai_cop:Measure_8.1,aiuc_1__eu_gpai_cop,1,Partial,2.0,0.0,1.0,1.0,2.0,2.0,2.0,1.0,2.0,1.0,60.0,4000.0,3940.0,0.015,-0.06534845,0.23228714,0.0,0.0,0.0,0.0,2.0,0.9
aiuc_1__mitre_atlas::aiuc_1:A001.3__mitre_atlas:AML.T0090,aiuc_1__mitre_atlas,0,Unrelated,1.0,0.0,1.0,1.0,1.0,1.0,1.0,2.0,2.0,0.0,141.0,545.0,404.0,0.2587156,0.053041723,-0.44305578,1.0,0.0,0.0,0.0,5.0,0.5
aiuc_1__mitre_atlas::aiuc_1:A006__mitre_atlas:AML.M0026,aiuc_1__mitre_atlas,2,Related,3.0,1.0,1.0,1.0,3.0,3.0,3.0,1.0,1.0,0.0,82.0,557.0,475.0,0.14721723,0.22814535,-0.1613692,0.0,1.0,0.0,0.0,4.0,0.85
aiuc_1__mitre_atlas::aiuc_1:A007__mitre_atlas:AML.T0004,aiuc_1__mitre_atlas,0,Unrelated,1.0,0.0,1.0,1.0,1.0,1.0,1.0,1.0,1.0,0.0,155.0,355.0,200.0,0.43661973,0.25746062,-0.40001914,1.0,0.0,0.0,0.0,5.0,0.5
aiuc_1__mitre_atlas::aiuc_1:B005.1__mitre_atlas:AML.T0010.001,aiuc_1__mitre_atlas,0,Unrelated,2.0,0.0,1.0,1.0,2.0,2.0,2.0,1.0,2.0,1.0,96.0,1953.0,1857.0,0.049155146,0.06936245,-0.16588165,1.0,0.0,0.0,0.0,2.0,0.9
aiuc_1__mitre_atlas::aiuc_1:B005.1__mitre_atlas:AML.T0034.001,aiuc_1__mitre_atlas,0,Unrelated,6.3333335,2.0,0.88452995,1.0,7.0,6.0,6.0,1.0,2.0,1.0,96.0,710.0,614.0,0.13521127,-0.23460254,-0.48832068,1.0,0.0,0.0,0.0,2.0,0.9
aiuc_1__mitre_atlas::aiuc_1:B008.1__mitre_atlas:AML.T0080.001,aiuc_1__mitre_atlas,0,Unrelated,3.0,1.0,1.0,1.0,3.0,3.0,3.0,1.0,2.0,1.0,65.0,921.0,856.0,0.07057546,-0.1580453,0.016097918,1.0,0.0,0.0,0.0,2.0,0.9
aiuc_1__mitre_atlas::aiuc_1:C003.1__mitre_atlas:AML.M0019,aiuc_1__mitre_atlas,3,Equivalent,3.0,1.0,1.0,1.0,3.0,3.0,3.0,2.0,2.0,0.0,78.0,226.0,148.0,0.34513274,0.1303543,0.2127114,0.0,1.0,0.0,0.0,4.0,0.85
aiuc_1__mitre_atlas::aiuc_1:C008.1__mitre_atlas:AML.T0010.001,aiuc_1__mitre_atlas,0,Unrelated,1.0,0.0,1.0,1.0,1.0,1.0,1.0,1.0,2.0,1.0,94.0,1953.0,1859.0,0.048131082,0.19577919,-0.31374168,1.0,0.0,0.0,0.0,1.0,0.95
aiuc_1__mitre_atlas::aiuc_1:C010.1__mitre_atlas:AML.T0000.002,aiuc_1__mitre_atlas,0,Unrelated,1.0,0.0,1.0,1.0,1.0,1.0,1.0,1.0,2.0,1.0,61.0,862.0,801.0,0.07076566,0.079516195,-0.29657847,1.0,0.0,0.0,0.0,1.0,0.95
aiuc_1__mitre_atlas::aiuc_1:E010.3__mitre_atlas:AML.T0067,aiuc_1__mitre_atlas,2,Related,3.0,1.0,1.0,1.0,3.0,3.0,3.0,2.0,2.0,0.0,58.0,611.0,553.0,0.09492635,0.008221236,-0.29907092,1.0,0.0,0.0,0.0,1.0,0.9
aiuc_1__mitre_atlas::aiuc_1:E015.3__mitre_atlas:AML.T0000,aiuc_1__mitre_atlas,0,Unrelated,1.0,0.0,1.0,1.0,1.0,1.0,1.0,2.0,2.0,0.0,60.0,907.0,847.0,0.06615215,-0.11262131,0.13571699,1.0,0.0,0.0,0.0,1.0,0.95
aiuc_1__mitre_atlas::aiuc_1:E017.3__mitre_atlas:AML.M0029,aiuc_1__mitre_atlas,3,Equivalent,3.0,1.0,1.0,1.0,3.0,3.0,3.0,2.0,2.0,0.0,75.0,849.0,774.0,0.088339224,-0.16140291,0.5726056,0.0,1.0,0.0,0.0,3.0,0.85
aiuc_1__mitre_atlas::aiuc_1:F001__mitre_atlas:AML.T0104,aiuc_1__mitre_atlas,2,Related,5.6666665,2.0,0.88452995,1.0,6.0,6.0,5.0,1.0,1.0,0.0,97.0,663.0,566.0,0.14630468,-0.20021015,-0.33793578,1.0,0.0,0.0,0.0,2.0,0.9
aiuc_1__mitre_atlas::aiuc_1:F002.2__mitre_atlas:AML.T0020,aiuc_1__mitre_atlas,2,Related,3.0,1.0,1.0,1.0,3.0,3.0,3.0,2.0,2.0,0.0,77.0,626.0,549.0,0.12300319,0.09465214,-0.17159683,1.0,0.0,0.0,0.0,1.0,0.9
aiuc_1__nist_rmf::aiuc_1:B004.2__nist_rmf:MAP-1.1,aiuc_1__nist_rmf,1,Partial,1.0,0.0,1.0,1.0,1.0,1.0,1.0,2.0,2.0,0.0,50.0,566.0,516.0,0.088339224,-0.030682655,-0.00014338894,0.0,0.0,1.0,0.0,2.0,0.9
aiuc_1__nist_rmf::aiuc_1:C002__nist_rmf:MAP-1.3,aiuc_1__nist_rmf,2,Related,3.0,1.0,1.0,1.0,3.0,3.0,3.0,1.0,1.0,0.0,82.0,94.0,12.0,0.87234044,0.06314994,-0.16118883,0.0,0.0,0.0,0.0,2.0,0.9
aiuc_1__nist_rmf::aiuc_1:C005.1__nist_rmf:GOVERN-1.5,aiuc_1__nist_rmf,2,Related,5.6666665,2.0,0.88452995,1.0,5.0,6.0,6.0,2.0,2.0,0.0,89.0,217.0,128.0,0.41013825,0.22689448,0.7654735,0.0,0.0,1.0,0.0,3.0,0.85
aiuc_1__nist_rmf::aiuc_1:C005.3__nist_rmf:GOVERN-1.3,aiuc_1__nist_rmf,2,Related,2.6666667,1.0,0.88452995,0.0,3.0,2.0,3.0,2.0,2.0,0.0,47.0,153.0,106.0,0.30718955,-0.18373463,0.39024842,0.0,0.0,1.0,0.0,3.0,0.85
aiuc_1__nist_rmf::aiuc_1:C007.3__nist_rmf:MAP-3.5,aiuc_1__nist_rmf,3,Equivalent,8.0,3.0,1.0,1.0,8.0,8.0,8.0,2.0,2.0,0.0,68.0,140.0,72.0,0.4857143,0.044676393,0.76217085,0.0,0.0,1.0,0.0,9.0,0.9
aiuc_1__nist_rmf::aiuc_1:C008.1__nist_rmf:MEASURE-2.12,aiuc_1__nist_rmf,0,Unrelated,2.0,0.0,1.0,1.0,2.0,2.0,2.0,2.0,2.0,0.0,94.0,109.0,15.0,0.86238533,0.021258838,-0.12177419,0.0,0.0,1.0,0.0,2.0,0.9
aiuc_1__nist_rmf::aiuc_1:C012__nist_rmf:MEASURE-1.1,aiuc_1__nist_rmf,3,Equivalent,7.3333335,2.0,0.88452995,0.0,7.0,7.0,8.0,1.0,1.0,0.0,119.0,276.0,157.0,0.4311594,0.36585775,0.16414878,0.0,0.0,0.0,0.0,3.0,0.85
aiuc_1__nist_rmf::aiuc_1:D004.1__nist_rmf:MAP-4.1,aiuc_1__nist_rmf,2,Related,4.0,1.0,1.0,1.0,4.0,4.0,4.0,2.0,2.0,0.0,64.0,251.0,187.0,0.2549801,0.041414317,0.3708579,0.0,0.0,1.0,0.0,3.0,0.85
aiuc_1__nist_rmf::aiuc_1:E010.3__nist_rmf:MANAGE-3.1,aiuc_1__nist_rmf,2,Related,2.0,0.0,1.0,1.0,2.0,2.0,2.0,2.0,2.0,0.0,58.0,119.0,61.0,0.48739496,0.06135166,0.58614457,0.0,0.0,1.0,0.0,2.0,0.9
aiuc_1__nist_rmf::aiuc_1:E011__nist_rmf:GOVERN-3.2,aiuc_1__nist_rmf,2,Related,2.0,0.0,1.0,1.0,2.0,2.0,2.0,1.0,1.0,0.0,106.0,148.0,42.0,0.7162162,0.2218106,0.6079165,0.0,0.0,0.0,0.0,2.0,0.9
aiuc_1__nist_rmf::aiuc_1:E013.3__nist_rmf:MEASURE-2.1,aiuc_1__nist_rmf,2,Related,6.0,2.0,1.0,1.0,6.0,6.0,6.0,2.0,2.0,0.0,81.0,80.0,1.0,0.9876543,-0.026430853,0.46039495,0.0,0.0,1.0,0.0,4.0,0.8
aiuc_1__nist_rmf::aiuc_1:E015.2__nist_rmf:MAP-3.3,aiuc_1__nist_rmf,1,Partial,2.0,0.0,1.0,1.0,2.0,2.0,2.0,2.0,2.0,0.0,80.0,139.0,59.0,0.5755396,0.1690049,0.29937658,0.0,0.0,1.0,0.0,2.0,0.9
aiuc_1__nist_rmf::aiuc_1:E015__nist_rmf:MEASURE,aiuc_1__nist_rmf,2,Related,4.0,1.0,1.0,1.0,4.0,4.0,4.0,1.0,1.0,0.0,126.0,72.0,54.0,0.5714286,0.08670578,0.9126388,0.0,0.0,0.0,0.0,4.0,0.8
aiuc_1__owasp_agentic::aiuc_1:A003.1__owasp_agentic:ASI02,aiuc_1__owasp_agentic,0,Unrelated,4.6666665,1.0,0.88452995,0.0,5.0,4.0,5.0,2.0,2.0,0.0,143.0,1438.0,1295.0,0.099443674,-0.04037327,0.98344487,0.0,0.0,0.0,1.0,3.0,0.85
aiuc_1__owasp_agentic::aiuc_1:A005.2__owasp_agentic:ASI02,aiuc_1__owasp_agentic,0,Unrelated,6.0,2.0,1.0,1.0,6.0,6.0,6.0,2.0,2.0,0.0,90.0,1438.0,1348.0,0.062586926,-0.12595771,0.9811202,0.0,0.0,0.0,1.0,3.0,0.85
aiuc_1__owasp_agentic::aiuc_1:A006.1__owasp_agentic:ASI08,aiuc_1__owasp_agentic,1,Partial,2.0,0.0,1.0,1.0,2.0,2.0,2.0,2.0,2.0,0.0,148.0,2000.0,1852.0,0.074,-0.08879162,0.9478914,0.0,0.0,0.0,1.0,2.0,0.9
aiuc_1__owasp_agentic::aiuc_1:B008.1__owasp_agentic:ASI04,aiuc_1__owasp_agentic,2,Related,3.0,1.0,1.0,1.0,3.0,3.0,3.0,2.0,2.0,0.0,65.0,1550.0,1485.0,0.041935485,-0.13216144,0.9941332,0.0,0.0,0.0,1.0,3.0,0.85
aiuc_1__owasp_agentic::aiuc_1:B008.4__owasp_agentic:ASI04,aiuc_1__owasp_agentic,3,Equivalent,7.0,2.0,1.0,1.0,7.0,7.0,7.0,2.0,2.0,0.0,74.0,1550.0,1476.0,0.047741935,-0.15332426,0.9941333,0.0,0.0,0.0,1.0,7.0,0.85
aiuc_1__owasp_agentic::aiuc_1:B008__owasp_agentic:ASI06,aiuc_1__owasp_agentic,3,Equivalent,3.0,1.0,1.0,1.0,3.0,3.0,3.0,1.0,1.0,0.0,121.0,1648.0,1527.0,0.07342233,0.31099927,0.8725786,0.0,0.0,0.0,0.0,3.0,0.85
aiuc_1__owasp_agentic::aiuc_1:B009__owasp_agentic:ASI02,aiuc_1__owasp_agentic,2,Related,6.0,2.0,1.0,1.0,6.0,6.0,6.0,1.0,1.0,0.0,97.0,1438.0,1341.0,0.0674548,0.39607072,0.9833342,0.0,0.0,0.0,0.0,7.0,0.85
aiuc_1__owasp_agentic::aiuc_1:C003.2__owasp_agentic:ASI09,aiuc_1__owasp_agentic,2,Related,8.0,3.0,1.0,1.0,8.0,8.0,8.0,2.0,2.0,0.0,76.0,1558.0,1482.0,0.048780486,-0.010282666,0.60231334,0.0,0.0,0.0,1.0,8.0,0.85
aiuc_1__owasp_agentic::aiuc_1:C011.1__owasp_agentic:ASI07,aiuc_1__owasp_agentic,2,Related,2.0,0.0,1.0,1.0,2.0,2.0,2.0,2.0,2.0,0.0,66.0,1331.0,1265.0,0.049586777,0.034601532,0.6693554,0.0,0.0,0.0,1.0,2.0,0.9
aiuc_1__owasp_agentic::aiuc_1:E008__owasp_agentic:ASI03,aiuc_1__owasp_agentic,1,Partial,3.0,1.0,1.0,1.0,3.0,3.0,3.0,1.0,1.0,0.0,94.0,1703.0,1609.0,0.05519671,0.36463967,0.59979963,0.0,0.0,0.0,0.0,1.0,0.9
aiuc_1__owasp_agentic::aiuc_1:E011.2__owasp_agentic:ASI03,aiuc_1__owasp_agentic,0,Unrelated,3.0,1.0,1.0,1.0,3.0,3.0,3.0,2.0,2.0,0.0,44.0,1703.0,1659.0,0.025836758,-0.056082375,0.11268693,0.0,0.0,0.0,1.0,2.0,0.9
aiuc_1__owasp_agentic::aiuc_1:E013.2__owasp_agentic:ASI01,aiuc_1__owasp_agentic,2,Related,3.6666667,1.0,0.88452995,1.0,3.0,4.0,4.0,2.0,2.0,0.0,51.0,1849.0,1798.0,0.027582478,0.12788981,0.14495933,0.0,0.0,0.0,1.0,1.0,0.9
aiuc_1__owasp_agentic::aiuc_1:E013.3__owasp_agentic:ASI01,aiuc_1__owasp_agentic,2,Related,4.0,1.0,1.0,1.0,4.0,4.0,4.0,2.0,2.0,0.0,81.0,1849.0,1768.0,0.04380746,-0.29887205,0.14495933,0.0,0.0,0.0,1.0,2.0,0.9
aiuc_1__owasp_llm::aiuc_1:A004.4__owasp_llm:LLM06,aiuc_1__owasp_llm,2,Related,4.0,1.0,1.0,1.0,4.0,4.0,4.0,2.0,2.0,0.0,58.0,1553.0,1495.0,0.03734707,-0.17529002,0.5859512,0.0,0.0,0.0,1.0,2.0,0.9
aiuc_1__owasp_llm::aiuc_1:A006.1__owasp_llm:LLM04,aiuc_1__owasp_llm,2,Related,2.3333333,0.0,0.88452995,0.0,2.0,2.0,3.0,2.0,2.0,0.0,148.0,1499.0,1351.0,0.09873249,-0.011035425,-0.025400173,0.0,0.0,0.0,1.0,2.0,0.9
aiuc_1__owasp_llm::aiuc_1:B002.3__owasp_llm:LLM01,aiuc_1__owasp_llm,3,Equivalent,7.0,2.0,1.0,1.0,7.0,7.0,7.0,2.0,2.0,0.0,76.0,1445.0,1369.0,0.052595157,0.11170885,-0.15172897,0.0,0.0,0.0,1.0,3.0,0.9
aiuc_1__owasp_llm::aiuc_1:B002.4__owasp_llm:LLM04,aiuc_1__owasp_llm,3,Equivalent,4.6666665,1.0,0.7690599,0.0,4.0,4.0,6.0,2.0,2.0,0.0,70.0,1499.0,1429.0,0.0466978,0.10996372,-0.01237476,0.0,0.0,0.0,1.0,7.0,0.85
aiuc_1__owasp_llm::aiuc_1:B004.2__owasp_llm:LLM01,aiuc_1__owasp_llm,3,Equivalent,6.0,2.0,1.0,1.0,6.0,6.0,6.0,2.0,2.0,0.0,50.0,1445.0,1395.0,0.034602076,-0.05746818,-0.16234453,0.0,0.0,0.0,1.0,7.0,0.85
aiuc_1__owasp_llm::aiuc_1:B004.3__owasp_llm:LLM04,aiuc_1__owasp_llm,2,Related,3.0,1.0,1.0,1.0,3.0,3.0,3.0,2.0,2.0,0.0,61.0,1499.0,1438.0,0.040693797,-0.22756825,-0.037364792,0.0,0.0,0.0,1.0,6.0,0.85
aiuc_1__owasp_llm::aiuc_1:C001__owasp_llm:LLM10,aiuc_1__owasp_llm,2,Related,2.6666667,1.0,0.88452995,0.0,3.0,3.0,2.0,1.0,1.0,0.0,169.0,887.0,718.0,0.19052988,0.2872365,0.53407174,0.0,0.0,0.0,0.0,3.0,0.85
aiuc_1__owasp_llm::aiuc_1:C003.1__owasp_llm:LLM02,aiuc_1__owasp_llm,3,Equivalent,7.0,2.0,1.0,1.0,7.0,7.0,7.0,2.0,2.0,0.0,78.0,1366.0,1288.0,0.057101026,0.011133728,-0.15529326,0.0,0.0,0.0,1.0,8.0,0.9
aiuc_1__owasp_llm::aiuc_1:C004.1__owasp_llm:LLM06,aiuc_1__owasp_llm,3,Equivalent,7.0,2.0,1.0,1.0,7.0,7.0,7.0,2.0,2.0,0.0,76.0,1553.0,1477.0,0.04893754,-0.041855745,0.26326448,0.0,0.0,0.0,1.0,8.0,0.9
aiuc_1__owasp_llm::aiuc_1:D003.4__owasp_llm:LLM02,aiuc_1__owasp_llm,3,Equivalent,4.0,1.0,1.0,1.0,4.0,4.0,4.0,2.0,2.0,0.0,55.0,1366.0,1311.0,0.040263545,0.316344,-0.1581856,0.0,0.0,0.0,1.0,2.0,0.9
aiuc_1__owasp_llm::aiuc_1:D004__owasp_llm:LLM06,aiuc_1__owasp_llm,2,Related,7.0,2.0,1.0,1.0,7.0,7.0,7.0,1.0,1.0,0.0,90.0,1553.0,1463.0,0.057952352,0.5315642,0.25652894,0.0,0.0,0.0,0.0,8.0,0.9
aiuc_1__owasp_llm::aiuc_1:E005.1__owasp_llm:LLM08,aiuc_1__owasp_llm,2,Related,2.0,0.0,1.0,1.0,2.0,2.0,2.0,2.0,2.0,0.0,77.0,700.0,623.0,0.11,-0.008494874,-0.14620607,0.0,0.0,0.0,1.0,2.0,0.9
aiuc_1__owasp_llm::aiuc_1:E008.1__owasp_llm:LLM03,aiuc_1__owasp_llm,2,Related,5.0,2.0,0.8,0.0,5.0,6.0,4.0,2.0,2.0,0.0,98.0,1068.0,970.0,0.0917603,-0.14388674,-0.18707566,0.0,0.0,0.0,1.0,5.0,0.8
aiuc_1__owasp_llm::aiuc_1:F001__owasp_llm:LLM05,aiuc_1__owasp_llm,2,Related,4.0,1.0,1.0,1.0,4.0,4.0,4.0,1.0,1.0,0.0,97.0,1436.0,1339.0,0.067548744,0.37572724,0.18008523,0.0,0.0,0.0,0.0,5.0,0.8
cosai_rm__mitre_atlas::cosai_rm:DP__mitre_atlas:AML.T0000,cosai_rm__mitre_atlas,0,Unrelated,1.0,0.0,1.0,1.0,1.0,1.0,1.0,0.0,0.0,0.0,161.0,907.0,746.0,0.17750826,0.27910912,-0.2919059,1.0,0.0,0.0,0.0,1.0,0.9
cosai_rm__mitre_atlas::cosai_rm:DP__mitre_atlas:AML.T0071,cosai_rm__mitre_atlas,3,Equivalent,7.6666665,3.0,0.88452995,0.0,7.0,8.0,8.0,0.0,0.0,0.0,161.0,820.0,659.0,0.19634147,0.12160939,-0.19128668,1.0,0.0,0.0,0.0,7.0,0.85
cosai_rm__mitre_atlas::cosai_rm:EBM__mitre_atlas:AML.T0097,cosai_rm__mitre_atlas,0,Unrelated,1.0,0.0,1.0,1.0,1.0,1.0,1.0,0.0,0.0,0.0,211.0,1089.0,878.0,0.19375575,-0.056016646,-0.039137688,1.0,0.0,0.0,0.0,2.0,0.9
cosai_rm__mitre_atlas::cosai_rm:UTD__mitre_atlas:AML.T0018.002,cosai_rm__mitre_atlas,2,Related,1.3333334,0.0,0.88452995,1.0,2.0,1.0,1.0,1.0,0.0,1.0,141.0,380.0,239.0,0.37105262,0.4007126,-0.04601711,1.0,0.0,0.0,0.0,1.0,0.9
cosai_rm__mitre_atlas::cosai_rm:controlAdversarialTrainingAndTesting__mitre_atlas:AML.T0076,cosai_rm__mitre_atlas,3,Equivalent,2.0,0.0,1.0,1.0,2.0,2.0,2.0,1.0,1.0,0.0,122.0,252.0,130.0,0.48412699,-0.059745103,-0.14700617,1.0,0.0,0.0,0.0,2.0,0.9
cosai_rm__mitre_atlas::cosai_rm:controlModelAndDataAccessControls__mitre_atlas:AML.T0003,cosai_rm__mitre_atlas,0,Unrelated,1.0,0.0,1.0,1.0,1.0,1.0,1.0,1.0,1.0,0.0,94.0,943.0,849.0,0.09968187,0.29014516,-0.18742298,1.0,0.0,0.0,0.0,1.0,0.9
cosai_rm__mitre_atlas::cosai_rm:controlModelAndDataIntegrityManagement__mitre_atlas:AML.T0093,cosai_rm__mitre_atlas,2,Related,2.0,0.0,1.0,1.0,2.0,2.0,2.0,1.0,1.0,0.0,323.0,1260.0,937.0,0.2563492,-0.10214516,-0.15881501,1.0,0.0,0.0,0.0,2.0,0.9
cosai_rm__mitre_atlas::cosai_rm:controlRetrievalAndVectorSystemIntegrity__mitre_atlas:AML.T0010.005,cosai_rm__mitre_atlas,2,Related,5.0,2.0,1.0,1.0,5.0,5.0,5.0,0.0,1.0,1.0,199.0,1682.0,1483.0,0.11831153,0.17292026,-0.0987266,1.0,0.0,0.0,0.0,2.0,0.9
cosai_rm__mitre_atlas::cosai_rm:controlRuntimePrivacyEnhancingTechnologies__mitre_atlas:AML.T0034.002,cosai_rm__mitre_atlas,2,Related,1.0,0.0,1.0,1.0,1.0,1.0,1.0,0.0,1.0,1.0,274.0,1112.0,838.0,0.24640287,0.09405025,0.37866142,1.0,0.0,0.0,0.0,1.0,0.95
cosai_rm__mitre_atlas::cosai_rm:controlTrainingDataSanitization__mitre_atlas:AML.M0017,cosai_rm__mitre_atlas,2,Related,1.0,0.0,1.0,1.0,1.0,1.0,1.0,1.0,1.0,0.0,86.0,322.0,236.0,0.26708075,0.31215537,-0.2195892,0.0,1.0,0.0,0.0,2.0,0.9
cosai_rm__mitre_atlas::cosai_rm:controlUserDataManagement__mitre_atlas:AML.T0068,cosai_rm__mitre_atlas,2,Related,1.0,0.0,1.0,1.0,1.0,1.0,1.0,1.0,1.0,0.0,116.0,765.0,649.0,0.151634,-0.057621103,-0.15371758,1.0,0.0,0.0,0.0,1.0,0.95
cosai_rm__mitre_atlas::cosai_rm:controlUserDataManagement__mitre_atlas:AML.T0104,cosai_rm__mitre_atlas,2,Related,1.0,0.0,1.0,1.0,1.0,1.0,1.0,1.0,1.0,0.0,116.0,663.0,547.0,0.1749623,0.039528333,-0.1504953,1.0,0.0,0.0,0.0,1.0,0.95
cosai_rm__mitre_atlas::cosai_rm:controlVulnerabilityManagement__mitre_atlas:AML.T0054,cosai_rm__mitre_atlas,2,Related,6.0,2.0,1.0,1.0,6.0,6.0,6.0,1.0,1.0,0.0,121.0,2000.0,1879.0,0.0605,0.101120785,-0.19792026,1.0,0.0,0.0,0.0,1.0,0.9
cosai_rm__owasp_llm::cosai_rm:ADI__owasp_llm:LLM06,cosai_rm__owasp_llm,3,Equivalent,3.0,1.0,1.0,1.0,3.0,3.0,3.0,0.0,0.0,0.0,203.0,1553.0,1350.0,0.13071474,0.38380346,0.6049652,0.0,0.0,0.0,0.0,3.0,0.85
cosai_rm__owasp_llm::cosai_rm:ASSC__owasp_llm:LLM08,cosai_rm__owasp_llm,2,Related,2.0,0.0,1.0,1.0,2.0,2.0,2.0,0.0,0.0,0.0,300.0,700.0,400.0,0.42857143,0.15813997,-0.29764792,0.0,0.0,0.0,0.0,2.0,0.9
cosai_rm__owasp_llm::cosai_rm:ASSC__owasp_llm:LLM09,cosai_rm__owasp_llm,0,Unrelated,1.0,0.0,1.0,1.0,1.0,1.0,1.0,0.0,0.0,0.0,300.0,1114.0,814.0,0.26929983,0.18419592,0.70699036,0.0,0.0,0.0,0.0,1.0,0.95
cosai_rm__owasp_llm::cosai_rm:MRE__owasp_llm:LLM04,cosai_rm__owasp_llm,2,Related,3.0,1.0,1.0,1.0,3.0,3.0,3.0,0.0,0.0,0.0,158.0,1499.0,1341.0,0.1054036,0.268819,0.7330209,0.0,0.0,0.0,0.0,2.0,0.9
cosai_rm__owasp_llm::cosai_rm:controlAdversarialTrainingAndTesting__owasp_llm:LLM09,cosai_rm__owasp_llm,2,Related,4.0,1.0,1.0,1.0,4.0,4.0,4.0,1.0,1.0,0.0,122.0,1114.0,992.0,0.10951526,0.6526369,0.8138702,0.0,0.0,0.0,0.0,7.0,0.85
cosai_rm__owasp_llm::cosai_rm:controlAgentPluginPermissions__owasp_llm:LLM06,cosai_rm__owasp_llm,3,Equivalent,10.0,3.0,1.0,1.0,10.0,10.0,10.0,1.0,1.0,0.0,500.0,1553.0,1053.0,0.3219575,0.6388156,0.69376963,0.0,0.0,0.0,0.0,9.0,0.95
cosai_rm__owasp_llm::cosai_rm:controlApplicationAccessManagement__owasp_llm:LLM02,cosai_rm__owasp_llm,3,Equivalent,6.0,2.0,1.0,1.0,6.0,6.0,6.0,1.0,1.0,0.0,345.0,1366.0,1021.0,0.25256222,0.19109721,0.88803285,0.0,0.0,0.0,0.0,4.0,0.85
cosai_rm__owasp_llm::cosai_rm:controlApplicationAccessManagement__owasp_llm:LLM04,cosai_rm__owasp_llm,2,Related,1.0,0.0,1.0,1.0,1.0,1.0,1.0,1.0,1.0,0.0,345.0,1499.0,1154.0,0.23015344,0.27083978,0.7055846,0.0,0.0,0.0,0.0,2.0,0.9
cosai_rm__owasp_llm::cosai_rm:controlModelAndDataAccessControls__owasp_llm:LLM02,cosai_rm__owasp_llm,3,Equivalent,6.0,2.0,1.0,1.0,6.0,6.0,6.0,1.0,1.0,0.0,94.0,1366.0,1272.0,0.068814054,0.25727633,0.9285642,0.0,0.0,0.0,0.0,5.0,0.85
cosai_rm__owasp_llm::cosai_rm:controlModelAndDataInventoryManagement__owasp_llm:LLM02,cosai_rm__owasp_llm,2,Related,5.3333335,2.0,0.88452995,1.0,6.0,5.0,5.0,1.0,1.0,0.0,114.0,1366.0,1252.0,0.08345535,0.18562055,0.96550363,0.0,0.0,0.0,0.0,3.0,0.85
cosai_rm__owasp_llm::cosai_rm:controlModelPrivacyEnhancingTechnologies__owasp_llm:LLM10,cosai_rm__owasp_llm,2,Related,1.0,0.0,1.0,1.0,1.0,1.0,1.0,1.0,1.0,0.0,240.0,887.0,647.0,0.27057496,0.097303204,0.28330037,0.0,0.0,0.0,0.0,2.0,0.9
cosai_rm__owasp_llm::cosai_rm:controlOrchestratorAndRouteIntegrity__owasp_llm:LLM03,cosai_rm__owasp_llm,2,Related,6.0,2.0,1.0,1.0,6.0,6.0,6.0,1.0,1.0,0.0,186.0,1068.0,882.0,0.1741573,0.62053436,0.7227543,0.0,0.0,0.0,0.0,4.0,0.85
cosai_rm__owasp_llm::cosai_rm:controlRiskGovernance__owasp_llm:LLM06,cosai_rm__owasp_llm,1,Partial,3.0,1.0,1.0,1.0,3.0,3.0,3.0,1.0,1.0,0.0,74.0,1553.0,1479.0,0.04764971,-0.0694544,0.45950845,0.0,0.0,0.0,0.0,4.0,0.85
csa_aicm__owasp_agentic::csa_aicm:CCC-01__owasp_agentic:ASI09,csa_aicm__owasp_agentic,0,Unrelated,2.3333333,0.0,0.88452995,0.0,2.0,2.0,3.0,1.0,1.0,0.0,306.0,1558.0,1252.0,0.19640565,0.46097282,0.5697112,0.0,0.0,0.0,0.0,1.0,0.95
csa_aicm__owasp_agentic::csa_aicm:CEK-14__owasp_agentic:ASI04,csa_aicm__owasp_agentic,0,Unrelated,1.0,0.0,1.0,1.0,1.0,1.0,1.0,1.0,1.0,0.0,212.0,1550.0,1338.0,0.1367742,0.48473766,0.20260188,0.0,0.0,0.0,0.0,1.0,0.95
csa_aicm__owasp_agentic::csa_aicm:CEK-21__owasp_agentic:ASI10,csa_aicm__owasp_agentic,1,Partial,1.0,0.0,1.0,1.0,1.0,1.0,1.0,1.0,1.0,0.0,251.0,1430.0,1179.0,0.17552447,0.38468322,0.32439864,0.0,0.0,0.0,0.0,1.0,0.9
csa_aicm__owasp_agentic::csa_aicm:DCS-01__owasp_agentic:ASI03,csa_aicm__owasp_agentic,0,Unrelated,1.0,0.0,1.0,1.0,1.0,1.0,1.0,1.0,1.0,0.0,411.0,1703.0,1292.0,0.24133882,0.31471398,0.14398248,0.0,0.0,0.0,0.0,1.0,0.95
csa_aicm__owasp_agentic::csa_aicm:IAM-08__owasp_agentic:ASI02,csa_aicm__owasp_agentic,2,Related,3.0,1.0,1.0,1.0,3.0,3.0,3.0,1.0,1.0,0.0,205.0,1438.0,1233.0,0.14255911,0.39470577,0.9482121,0.0,0.0,0.0,0.0,2.0,0.9
csa_aicm__owasp_agentic::csa_aicm:IAM-13__owasp_agentic:ASI06,csa_aicm__owasp_agentic,2,Related,1.0,0.0,1.0,1.0,1.0,1.0,1.0,1.0,1.0,0.0,161.0,1648.0,1487.0,0.09769417,0.3429305,0.3720776,0.0,0.0,0.0,0.0,1.0,0.9
csa_aicm__owasp_agentic::csa_aicm:LOG-09__owasp_agentic:ASI08,csa_aicm__owasp_agentic,1,Partial,3.0,1.0,1.0,1.0,3.0,3.0,3.0,1.0,1.0,0.0,76.0,2000.0,1924.0,0.038,0.40601823,0.895193,0.0,0.0,0.0,0.0,1.0,0.9
csa_aicm__owasp_agentic::csa_aicm:STA-02__owasp_agentic:ASI08,csa_aicm__owasp_agentic,1,Partial,2.0,0.0,1.0,1.0,2.0,2.0,2.0,1.0,1.0,0.0,288.0,2000.0,1712.0,0.144,-0.16071641,0.5896122,0.0,0.0,0.0,0.0,1.0,0.9
csa_aicm__owasp_agentic::csa_aicm:STA-08__owasp_agentic:ASI08,csa_aicm__owasp_agentic,1,Partial,3.0,1.0,1.0,1.0,3.0,3.0,3.0,1.0,1.0,0.0,68.0,2000.0,1932.0,0.034,0.2045738,0.6903085,0.0,0.0,0.0,0.0,1.0,0.9
csa_aicm__owasp_agentic::csa_aicm:STA-15__owasp_agentic:ASI05,csa_aicm__owasp_agentic,1,Partial,2.3333333,0.0,0.88452995,0.0,3.0,2.0,2.0,1.0,1.0,0.0,126.0,1313.0,1187.0,0.09596344,-0.16291657,0.42560145,0.0,0.0,0.0,0.0,1.0,0.9
csa_aicm__owasp_agentic::csa_aicm:TVM-03__owasp_agentic:ASI04,csa_aicm__owasp_agentic,3,Equivalent,7.0,2.0,1.0,1.0,7.0,7.0,7.0,1.0,1.0,0.0,188.0,1550.0,1362.0,0.121290326,0.23744552,0.68102306,0.0,0.0,0.0,0.0,7.0,0.85
csa_aicm__owasp_agentic::csa_aicm:TVM-06__owasp_agentic:ASI05,csa_aicm__owasp_agentic,2,Related,7.0,2.0,1.0,1.0,7.0,7.0,7.0,1.0,1.0,0.0,158.0,1313.0,1155.0,0.12033511,0.37206593,0.93213606,0.0,0.0,0.0,0.0,2.0,0.9
csa_aicm__owasp_agentic::csa_aicm:UEM-04__owasp_agentic:ASI03,csa_aicm__owasp_agentic,0,Unrelated,3.0,1.0,1.0,1.0,3.0,3.0,3.0,1.0,1.0,0.0,79.0,1703.0,1624.0,0.046388727,0.19052917,0.016620211,0.0,0.0,0.0,0.0,2.0,0.9
csa_aicm__owasp_agentic::csa_aicm:UEM-13__owasp_agentic:ASI06,csa_aicm__owasp_agentic,0,Unrelated,1.0,0.0,1.0,1.0,1.0,1.0,1.0,1.0,1.0,0.0,152.0,1648.0,1496.0,0.09223301,0.15427198,-0.4231154,0.0,0.0,0.0,0.0,1.0,0.9
mitre_atlas__owasp_llm::mitre_atlas:AML.M0004__owasp_llm:LLM03,mitre_atlas__owasp_llm,0,Unrelated,1.0,0.0,1.0,1.0,1.0,1.0,1.0,0.0,0.0,0.0,63.0,1068.0,1005.0,0.058988765,0.13751101,0.5128543,0.0,1.0,0.0,0.0,2.0,0.9
mitre_atlas__owasp_llm::mitre_atlas:AML.M0005__owasp_llm:LLM06,mitre_atlas__owasp_llm,2,Related,3.0,1.0,1.0,1.0,3.0,3.0,3.0,0.0,0.0,0.0,157.0,1553.0,1396.0,0.101094656,0.17774342,0.50060564,0.0,1.0,0.0,0.0,2.0,0.9
mitre_atlas__owasp_llm::mitre_atlas:AML.M0019__owasp_llm:LLM05,mitre_atlas__owasp_llm,0,Unrelated,3.0,1.0,1.0,1.0,3.0,3.0,3.0,0.0,0.0,0.0,226.0,1436.0,1210.0,0.15738161,0.15587877,0.29779792,0.0,1.0,0.0,0.0,4.0,0.85
mitre_atlas__owasp_llm::mitre_atlas:AML.T0003__owasp_llm:LLM01,mitre_atlas__owasp_llm,0,Unrelated,1.0,0.0,1.0,1.0,1.0,1.0,1.0,0.0,0.0,0.0,943.0,1445.0,502.0,0.65259516,0.15652655,-0.2222633,1.0,0.0,0.0,0.0,1.0,0.9
mitre_atlas__owasp_llm::mitre_atlas:AML.T0018.001__owasp_llm:LLM06,mitre_atlas__owasp_llm,0,Unrelated,2.0,0.0,1.0,1.0,2.0,2.0,2.0,1.0,1.0,0.0,524.0,1553.0,1029.0,0.33741146,0.15102069,-0.17236638,1.0,0.0,0.0,0.0,2.0,0.9
mitre_atlas__owasp_llm::mitre_atlas:AML.T0020__owasp_llm:LLM07,mitre_atlas__owasp_llm,0,Unrelated,1.0,0.0,1.0,1.0,1.0,1.0,1.0,0.0,0.0,0.0,626.0,1755.0,1129.0,0.35669515,0.34586838,0.060080033,1.0,0.0,0.0,0.0,1.0,0.9
mitre_atlas__owasp_llm::mitre_atlas:AML.T0031__owasp_llm:LLM03,mitre_atlas__owasp_llm,1,Partial,4.6666665,1.0,0.88452995,0.0,5.0,4.0,5.0,0.0,0.0,0.0,286.0,1068.0,782.0,0.26779026,0.20702058,0.05540212,1.0,0.0,0.0,0.0,4.0,0.85
mitre_atlas__owasp_llm::mitre_atlas:AML.T0034.001__owasp_llm:LLM08,mitre_atlas__owasp_llm,0,Unrelated,1.0,0.0,1.0,1.0,1.0,1.0,1.0,1.0,1.0,0.0,710.0,700.0,10.0,0.9859155,0.030719459,-0.45530576,1.0,0.0,0.0,0.0,2.0,0.9
mitre_atlas__owasp_llm::mitre_atlas:AML.T0052.000__owasp_llm:LLM09,mitre_atlas__owasp_llm,2,Related,5.6666665,2.0,0.88452995,1.0,6.0,6.0,5.0,1.0,1.0,0.0,471.0,1114.0,643.0,0.42280072,0.15124391,-0.12028899,1.0,0.0,0.0,0.0,3.0,0.85
mitre_atlas__owasp_llm::mitre_atlas:AML.T0056__owasp_llm:LLM08,mitre_atlas__owasp_llm,0,Unrelated,2.0,0.0,1.0,1.0,2.0,2.0,2.0,0.0,0.0,0.0,373.0,700.0,327.0,0.5328571,0.29891253,-0.19014397,1.0,0.0,0.0,0.0,3.0,0.9
mitre_atlas__owasp_llm::mitre_atlas:AML.T0069.002__owasp_llm:LLM06,mitre_atlas__owasp_llm,1,Partial,3.0,1.0,1.0,1.0,3.0,3.0,3.0,1.0,1.0,0.0,175.0,1553.0,1378.0,0.11268513,-0.13467263,-0.3351394,1.0,0.0,0.0,0.0,5.0,0.8
mitre_atlas__owasp_llm::mitre_atlas:AML.T0081__owasp_llm:LLM02,mitre_atlas__owasp_llm,0,Unrelated,3.0,1.0,1.0,1.0,3.0,3.0,3.0,0.0,0.0,0.0,955.0,1366.0,411.0,0.69912153,-0.1055155,-0.3126343,1.0,0.0,0.0,0.0,3.0,0.85
mitre_atlas__owasp_llm::mitre_atlas:AML.T0092__owasp_llm:LLM09,mitre_atlas__owasp_llm,2,Related,3.0,1.0,1.0,1.0,3.0,3.0,3.0,0.0,0.0,0.0,790.0,1114.0,324.0,0.7091562,-0.089964144,-0.31937838,1.0,0.0,0.0,0.0,2.0,0.9
mitre_atlas__owasp_llm::mitre_atlas:AML.T0105__owasp_llm:LLM06,mitre_atlas__owasp_llm,2,Related,6.6666665,2.0,0.88452995,1.0,6.0,7.0,7.0,0.0,0.0,0.0,692.0,1553.0,861.0,0.44558918,0.04993803,-0.5754358,1.0,0.0,0.0,0.0,8.0,0.85
nist_rmf__owasp_agentic::nist_rmf:GOVERN-1.2__owasp_agentic:ASI08,nist_rmf__owasp_agentic,1,Partial,2.0,0.0,1.0,1.0,2.0,2.0,2.0,0.0,0.0,0.0,120.0,2000.0,1880.0,0.06,0.25129256,0.56980735,0.0,0.0,0.0,0.0,2.0,0.9
nist_rmf__owasp_agentic::nist_rmf:GOVERN-1.3__owasp_agentic:ASI03,nist_rmf__owasp_agentic,1,Partial,2.0,0.0,1.0,1.0,2.0,2.0,2.0,0.0,0.0,0.0,153.0,1703.0,1550.0,0.089841455,0.2581283,0.13246545,0.0,0.0,0.0,0.0,1.0,0.9
nist_rmf__owasp_agentic::nist_rmf:GOVERN-4.1__owasp_agentic:ASI08,nist_rmf__owasp_agentic,1,Partial,3.0,1.0,1.0,1.0,3.0,3.0,3.0,0.0,0.0,0.0,208.0,2000.0,1792.0,0.104,-0.01740623,-0.31967515,0.0,0.0,0.0,0.0,2.0,0.9
nist_rmf__owasp_agentic::nist_rmf:GOVERN-4.1__owasp_agentic:ASI09,nist_rmf__owasp_agentic,1,Partial,7.0,2.0,1.0,1.0,7.0,7.0,7.0,0.0,0.0,0.0,208.0,1558.0,1350.0,0.1335045,0.024142379,-0.37413076,0.0,0.0,0.0,0.0,5.0,0.8
nist_rmf__owasp_agentic::nist_rmf:GOVERN-6.2__owasp_agentic:ASI01,nist_rmf__owasp_agentic,0,Unrelated,3.0,1.0,1.0,1.0,3.0,3.0,3.0,0.0,0.0,0.0,124.0,1849.0,1725.0,0.06706328,-0.061927903,-0.32089832,0.0,0.0,0.0,0.0,1.0,0.9
nist_rmf__owasp_agentic::nist_rmf:MANAGE-4.1__owasp_agentic:ASI09,nist_rmf__owasp_agentic,2,Related,4.0,1.0,1.0,1.0,4.0,4.0,4.0,0.0,0.0,0.0,246.0,1558.0,1312.0,0.15789473,0.3278431,0.09031347,0.0,0.0,0.0,0.0,4.0,0.85
nist_rmf__owasp_agentic::nist_rmf:MAP-2.2__owasp_agentic:ASI10,nist_rmf__owasp_agentic,2,Related,4.0,1.0,1.0,1.0,4.0,4.0,4.0,0.0,0.0,0.0,254.0,1430.0,1176.0,0.17762238,0.5172032,0.9874069,0.0,0.0,0.0,0.0,3.0,0.85
nist_rmf__owasp_agentic::nist_rmf:MAP-3.4__owasp_agentic:ASI04,nist_rmf__owasp_agentic,0,Unrelated,2.0,0.0,1.0,1.0,2.0,2.0,2.0,0.0,0.0,0.0,193.0,1550.0,1357.0,0.12451613,0.30971324,0.27635726,0.0,0.0,0.0,0.0,2.0,0.9
nist_rmf__owasp_agentic::nist_rmf:MEASURE-1.1__owasp_agentic:ASI06,nist_rmf__owasp_agentic,1,Partial,2.0,0.0,1.0,1.0,2.0,2.0,2.0,0.0,0.0,0.0,276.0,1648.0,1372.0,0.16747573,0.34722766,-0.101069525,0.0,0.0,0.0,0.0,2.0,0.9
nist_rmf__owasp_agentic::nist_rmf:MEASURE-1.1__owasp_agentic:ASI07,nist_rmf__owasp_agentic,1,Partial,1.0,0.0,1.0,1.0,1.0,1.0,1.0,0.0,0.0,0.0,276.0,1331.0,1055.0,0.20736289,0.2226405,0.004020774,0.0,0.0,0.0,0.0,2.0,0.9
nist_rmf__owasp_agentic::nist_rmf:MEASURE-2.12__owasp_agentic:ASI08,nist_rmf__owasp_agentic,0,Unrelated,1.0,0.0,1.0,1.0,1.0,1.0,1.0,0.0,0.0,0.0,109.0,2000.0,1891.0,0.0545,-0.055585805,-0.31967515,0.0,0.0,0.0,0.0,1.0,0.95
nist_rmf__owasp_agentic::nist_rmf:MEASURE-2.12__owasp_agentic:ASI10,nist_rmf__owasp_agentic,0,Unrelated,1.0,0.0,1.0,1.0,1.0,1.0,1.0,0.0,0.0,0.0,109.0,1430.0,1321.0,0.076223776,0.1387169,-0.34722164,0.0,0.0,0.0,0.0,1.0,0.95
nist_rmf__owasp_agentic::nist_rmf:MEASURE-2.1__owasp_agentic:ASI09,nist_rmf__owasp_agentic,0,Unrelated,1.0,0.0,1.0,1.0,1.0,1.0,1.0,0.0,0.0,0.0,80.0,1558.0,1478.0,0.05134788,0.4513782,0.8519458,0.0,0.0,0.0,0.0,1.0,0.9
nist_rmf__owasp_agentic::nist_rmf:MEASURE-3.2__owasp_agentic:ASI06,nist_rmf__owasp_agentic,1,Partial,2.6666667,1.0,0.88452995,0.0,3.0,2.0,3.0,0.0,0.0,0.0,180.0,1648.0,1468.0,0.1092233,0.2132669,-0.07144193,0.0,0.0,0.0,0.0,2.0,0.9
